epoch,step,train_loss_epoch,train_loss_step,val_loss
0,25,,,60.05398941040039
0,25,30.628185272216797,,
1,49,,26.138381958007812,
1,51,,,54.867881774902344
1,51,28.43112564086914,,
