epoch,step,train_loss_epoch,train_loss_step,val_loss
0,25,,,61.23769760131836
0,25,31.78409767150879,,
1,49,,28.777118682861328,
1,51,,,55.727848052978516
1,51,29.277475357055664,,
2,77,,,45.35029602050781
2,77,24.853351593017578,,
3,99,,13.788630485534668,
3,103,,,32.52042007446289
3,103,17.121667861938477,,
