epoch,step,train_loss_epoch,train_loss_step,val_loss
0,25,,,59.39457321166992
0,25,30.487274169921875,,
1,49,,29.892690658569336,
1,51,,,54.55778121948242
1,51,28.203317642211914,,
