epoch,step,train_loss_epoch,train_loss_step,val_loss
0,25,,,64.07417297363281
0,25,33.243106842041016,,
1,49,,28.91051483154297,
1,51,,,58.91794967651367
1,51,30.88951301574707,,
