epoch,step,train_loss_epoch,train_loss_step,val_loss
0,25,,,59.201786041259766
0,25,30.187639236450195,,
1,49,,27.468782424926758,
1,51,,,53.89894104003906
1,51,27.927509307861328,,
2,77,,,42.9415283203125
2,77,23.679004669189453,,
