epoch,step,train_loss_epoch,train_loss_step,val_loss
0,25,,,60.796939849853516
0,25,30.909326553344727,,
1,49,,32.011688232421875,
1,51,,,56.245670318603516
1,51,28.914793014526367,,
