epoch,step,train_loss_epoch,val_loss
0,25,,60.78952407836914
0,25,30.917652130126953,
