epoch,step,train_loss_epoch,train_loss_step,val_loss
0,25,,,57.76889419555664
0,25,29.607677459716797,,
1,49,,22.7935791015625,
1,51,,,50.997314453125
1,51,26.75267791748047,,
