epoch,step,train_loss_epoch,train_loss_step,val_loss
0,25,,,61.04777526855469
0,25,31.071781158447266,,
1,49,,29.603012084960938,
1,51,,,56.360965728759766
1,51,29.075681686401367,,
