epoch,step,train_loss_epoch,train_loss_step,val_loss
0,25,,,60.22124481201172
0,25,30.72247314453125,,
1,49,,29.620370864868164,
1,51,,,55.18051528930664
1,51,28.530380249023438,,
